original_type,内容,count,tf_idf
で_助詞-格助詞-一般,neologd_tagger.parse(text)で各単語の原形、品詞などが1行で連続して表示される,2,0.09905246711167545
で_助詞-格助詞-一般,まずはparse()で分かち書きした単語群は1つの文字列型になっているので「＼n」で区切り、リスト型にする,2,0.0858454714967854
で_助詞-格助詞-一般,次に邪魔な文字「＼t」を省きたい。よって、split('＼t')を使用したいがwakatid_textは文字列型ではなくリスト型のためsplit関数を使用できない,1,0.03140687981589709
＼_記号-一般,まずはparse()で分かち書きした単語群は1つの文字列型になっているので「＼n」で区切り、リスト型にする,1,0.05643823935199818
＼_記号-一般,原形、品詞などの間には「＼t」が、分かち書きされた単語と単語の区切りには「＼n」が表示される,2,0.1026149806399967
「_記号-括弧開,まずはparse()で分かち書きした単語群は1つの文字列型になっているので「＼n」で区切り、リスト型にする,1,0.05643823935199818
「_記号-括弧開,原形、品詞などの間には「＼t」が、分かち書きされた単語と単語の区切りには「＼n」が表示される,2,0.1026149806399967
」_記号-括弧閉,まずはparse()で分かち書きした単語群は1つの文字列型になっているので「＼n」で区切り、リスト型にする,1,0.04292273574839269
」_記号-括弧閉,原形、品詞などの間には「＼t」が、分かち書きされた単語と単語の区切りには「＼n」が表示される,2,0.07804133772435036
」_記号-括弧閉,次に邪魔な文字「＼t」を省きたい。よって、split('＼t')を使用したいがwakatid_textは文字列型ではなくリスト型のためsplit関数を使用できない,1,0.03140687981589709
する_動詞-自立,neologd_tagger.parse(text)で各単語の原形、品詞などが1行で連続して表示される,2,0.07692307692307693
する_動詞-自立,まずはparse()で分かち書きした単語群は1つの文字列型になっているので「＼n」で区切り、リスト型にする,2,0.06666666666666668
する_動詞-自立,原形、品詞などの間には「＼t」が、分かち書きされた単語と単語の区切りには「＼n」が表示される,2,0.060606060606060615
する_動詞-自立,次に邪魔な文字「＼t」を省きたい。よって、split('＼t')を使用したいがwakatid_textは文字列型ではなくリスト型のためsplit関数を使用できない,1,0.024390243902439025
れる_動詞-接尾,neologd_tagger.parse(text)で各単語の原形、品詞などが1行で連続して表示される,1,0.06512104540615175
れる_動詞-接尾,原形、品詞などの間には「＼t」が、分かち書きされた単語と単語の区切りには「＼n」が表示される,2,0.1026149806399967
が_助詞-格助詞-一般,neologd_tagger.parse(text)で各単語の原形、品詞などが1行で連続して表示される,1,0.06512104540615175
が_助詞-格助詞-一般,原形、品詞などの間には「＼t」が、分かち書きされた単語と単語の区切りには「＼n」が表示される,2,0.1026149806399967
t_名詞-固有名詞-組織,原形、品詞などの間には「＼t」が、分かち書きされた単語と単語の区切りには「＼n」が表示される,1,0.05130749031999835
t_名詞-固有名詞-組織,次に邪魔な文字「＼t」を省きたい。よって、split('＼t')を使用したいがwakatid_textは文字列型ではなくリスト型のためsplit関数を使用できない,2,0.08259254539316807
単語_名詞-一般,neologd_tagger.parse(text)で各単語の原形、品詞などが1行で連続して表示される,1,0.049526233555837726
単語_名詞-一般,まずはparse()で分かち書きした単語群は1つの文字列型になっているので「＼n」で区切り、リスト型にする,1,0.04292273574839269
単語_名詞-一般,原形、品詞などの間には「＼t」が、分かち書きされた単語と単語の区切りには「＼n」が表示される,2,0.07804133772435036
型_名詞-接尾-一般,まずはparse()で分かち書きした単語群は1つの文字列型になっているので「＼n」で区切り、リスト型にする,2,0.11287647870399638
型_名詞-接尾-一般,次に邪魔な文字「＼t」を省きたい。よって、split('＼t')を使用したいがwakatid_textは文字列型ではなくリスト型のためsplit関数を使用できない,2,0.08259254539316807
は_助詞-係助詞,まずはparse()で分かち書きした単語群は1つの文字列型になっているので「＼n」で区切り、リスト型にする,1,0.04292273574839269
は_助詞-係助詞,原形、品詞などの間には「＼t」が、分かち書きされた単語と単語の区切りには「＼n」が表示される,2,0.07804133772435036
は_助詞-係助詞,次に邪魔な文字「＼t」を省きたい。よって、split('＼t')を使用したいがwakatid_textは文字列型ではなくリスト型のためsplit関数を使用できない,2,0.06281375963179418
の_助詞-連体化,neologd_tagger.parse(text)で各単語の原形、品詞などが1行で連続して表示される,1,0.038461538461538464
の_助詞-連体化,まずはparse()で分かち書きした単語群は1つの文字列型になっているので「＼n」で区切り、リスト型にする,1,0.03333333333333333
の_助詞-連体化,原形、品詞などの間には「＼t」が、分かち書きされた単語と単語の区切りには「＼n」が表示される,2,0.060606060606060615
の_助詞-連体化,次に邪魔な文字「＼t」を省きたい。よって、split('＼t')を使用したいがwakatid_textは文字列型ではなくリスト型のためsplit関数を使用できない,1,0.024390243902439025
、_記号-読点,neologd_tagger.parse(text)で各単語の原形、品詞などが1行で連続して表示される,1,0.038461538461538464
、_記号-読点,まずはparse()で分かち書きした単語群は1つの文字列型になっているので「＼n」で区切り、リスト型にする,1,0.03333333333333333
、_記号-読点,原形、品詞などの間には「＼t」が、分かち書きされた単語と単語の区切りには「＼n」が表示される,2,0.060606060606060615
、_記号-読点,次に邪魔な文字「＼t」を省きたい。よって、split('＼t')を使用したいがwakatid_textは文字列型ではなくリスト型のためsplit関数を使用できない,1,0.024390243902439025
__記号-一般,neologd_tagger.parse(text)で各単語の原形、品詞などが1行で連続して表示される,1,0.06512104540615175
__記号-一般,次に邪魔な文字「＼t」を省きたい。よって、split('＼t')を使用したいがwakatid_textは文字列型ではなくリスト型のためsplit関数を使用できない,1,0.041296272696584035
text_名詞-固有名詞-一般,neologd_tagger.parse(text)で各単語の原形、品詞などが1行で連続して表示される,1,0.06512104540615175
text_名詞-固有名詞-一般,次に邪魔な文字「＼t」を省きたい。よって、split('＼t')を使用したいがwakatid_textは文字列型ではなくリスト型のためsplit関数を使用できない,1,0.041296272696584035
