内容,__記号-一般,t_名詞-固有名詞-組織,text_名詞-固有名詞-一般,、_記号-読点,「_記号-括弧開,」_記号-括弧閉,が_助詞-格助詞-一般,する_動詞-自立,で_助詞-格助詞-一般,の_助詞-連体化,は_助詞-係助詞,れる_動詞-接尾,単語_名詞-一般,型_名詞-接尾-一般,＼_記号-一般
neologd_tagger.parse(text)で各単語の原形、品詞などが1行で連続して表示される,1.0,0.0,1.0,1.0,0.0,0.0,1.0,2.0,2.0,1.0,0.0,1.0,1.0,0.0,0.0
まずはparse()で分かち書きした単語群は1つの文字列型になっているので「＼n」で区切り、リスト型にする,0.0,0.0,0.0,1.0,1.0,1.0,0.0,2.0,2.0,1.0,1.0,0.0,1.0,2.0,1.0
原形、品詞などの間には「＼t」が、分かち書きされた単語と単語の区切りには「＼n」が表示される,0.0,1.0,0.0,2.0,2.0,2.0,2.0,2.0,0.0,2.0,2.0,2.0,2.0,0.0,2.0
次に邪魔な文字「＼t」を省きたい。よって、split('＼t')を使用したいがwakatid_textは文字列型ではなくリスト型のためsplit関数を使用できない,1.0,2.0,1.0,1.0,0.0,1.0,0.0,1.0,1.0,1.0,2.0,0.0,0.0,2.0,0.0
